{"version":3,"hash":{"type":"Buffer","data":"tZMh6sDBwnXPHvK3H75QwU5U7pPeRet5huJpBgQuE0gg7/TO7CJoHyVFq7f24l/6Cjura3C3zAmRIy9c+/Z2TVQq3Jt946oWToz/inXrqFCHAn1uxt+UCxnpaFQz7i4FgpT40+iudRnb9jpliZptpOREwu2gI1nr7opoHfKJ0bw="},"indexValueMap":{"VpHgMo5AUbXswOpPs8zP9FI/bPuwz1UHC9PkmHoWEyQ=":{"valueMac":{"type":"Buffer","data":"BKWLsvX9gb3yiIXwySpNYAlcOfYOnL9yqLu8v/nMPgs="}},"X/SRzsAVMFKlT66mnL1xXjYX96FsuZbi5KEWA2pffDU=":{"valueMac":{"type":"Buffer","data":"jrjFPhEI5284uojL2HsHxhI4Vg2zDPZV72xvfPbEmHk="}},"sLt5+w4bVN/9/4RGmuhJynrCyKFgAx/EzmIL6/cJxVU=":{"valueMac":{"type":"Buffer","data":"NNBm0YhJGRuVlv3FojSQrm7zjRU2nJ0/Xu3P8Ixo7T8="}},"4jn6/XrWJOUTFfWFnOr6nA8Xn+M7MWsOxINsRAMOmmI=":{"valueMac":{"type":"Buffer","data":"U1Dqay/VOCohGvpgapwKYseM6H+4T0kOeJ12LcOAUJo="}},"5McBdGqEP3lOLm/15QBGBdLtUCPPUwpT0aKXkNuI3tA=":{"valueMac":{"type":"Buffer","data":"n8tI2j9lzf+QmFodVoCpaVPxZF4TDmVrIpSXvGlUjyg="}},"/h5DLhuSevXm6z+O90aK5sQ03mavGb7LN4fIlYVZ4lo=":{"valueMac":{"type":"Buffer","data":"gBOJTu8q3jVEmsuF4uv3yFF7It8LeSEVA/fxKCAP/Jk="}}}}