{"version":1,"hash":{"type":"Buffer","data":"3+Sd1S9Os0mBDd69GCiVdahs0VOHm2wsB99+RoBwQSu2INRYKJD/zvJpiBk9NqJEVqCFDgNzPauVH0FMDTg8HUzBGNPJ43qXWdwvcwgCFR+UZ8YPBJyeUijmAekQZm1rv4nX612uDbeKJAS72KVdTA+0vqRFA+IAk9Dxdl20RVM="},"indexValueMap":{"VFHW++u8YrZgwUIgF8hNlb61UpT6j0C3oe6OIws0wdY=":{"valueMac":{"type":"Buffer","data":"Zjy90ktfMY5sEGN4gxjv/ENQk16G7WuPwWPWyLGrd3g="}},"9GM8yb5/MTqQpQx9g1yyZ9xEhDIg2pB8FD9yAAJsXlo=":{"valueMac":{"type":"Buffer","data":"+sSiOLORBVxUzLVjR18xAARV5sm9y52DhpO0MHOAiiM="}}}}