{"version":4,"hash":{"type":"Buffer","data":"9a/BntpaDHW2jeqiFlOHb1ajiClSxHG5ePs2sS7xM2tn/Hs20tugQNZNbUxkopSbf/SHYHC/GqL6ZVFr6zHzS5/2ruXXxyjuPbGZZe5xjegeKWiwCb4LFO0jo9l/mrDC6T8BG+z5t5Fu/tAc7hnP9hWjNqmvk/xeMn0ZP+EG4i4="},"indexValueMap":{"AErs7Ydr2mR/Cz0fVx5ayKv7mOcUI8uRDgrZjnEKKwc=":{"valueMac":{"type":"Buffer","data":"RREVlAHY5THl5qcLjmzt+rdU8+gmhgFvr1q1+8LQV7U="}},"Ar58Okhq9HVzc0S0XPjN5BACQQv1n3qsFElyyj1Zn10=":{"valueMac":{"type":"Buffer","data":"4G9aCoIeQVwNoXDyeNaJ7DYNguIIgdxCgSDxP6qWFEo="}},"Fy+zLyyGgEJBOE2TQjMWZEfII7fszEllfCCDQcjxxtU=":{"valueMac":{"type":"Buffer","data":"d7NMUyoecAii6LQRqHFHUHhdG3gNMss/r7hlqIyaV1Y="}},"JTxTt6OwlgtZVXT8iBoPaBL/cwHoclX+0F9+oQzC8tA=":{"valueMac":{"type":"Buffer","data":"YxhyOH9eQV/5vKQ38zcwfN6nFkjWompqNns/uOVO2oo="}},"KoymSblD4zistfVgTOZy0Tct/3Al16xMwP0TZFNSgVc=":{"valueMac":{"type":"Buffer","data":"p7Sfpajy4gV7mEeLX1AvcTEjROhBJ9bzdcNvxgd2w5A="}},"LqIp9YtbzKRZZff45Imi7sPqVTeOJcltS2Y9Bqyr/kM=":{"valueMac":{"type":"Buffer","data":"PsrzHrUOeGjrwwlEBfgyFzQnqyX7I6fhi6qHrXOvyAU="}},"Q/9hj/N7S9i79/BPhDhHFWBB6spUeeW3+bPDSRcqAZo=":{"valueMac":{"type":"Buffer","data":"c8yOdqB12GvoN3I6Z3g1XV9IZS0FsR3oo8IHtX2cjN0="}},"ULYd5My3yba9AShYcqYczJmKjDYAP0P1/yagPdLiCvE=":{"valueMac":{"type":"Buffer","data":"SjWYjLPwqWNB2E46zSUhvHQR2Ka5QkkldKCq8rzXlGY="}},"Xep6f+SR0lTGnHmLBRdda0SSN78zz+aL5LeLJl+G/gk=":{"valueMac":{"type":"Buffer","data":"PHFWNbUUW2RAIx6EjeYeynOnIEv6CmOEPp6Pk15zYZA="}},"Yj1aBwd4eNa2abmBVvlhWN1YS1KVmA6XQVLrHFZrP7s=":{"valueMac":{"type":"Buffer","data":"oOFltbJzX4A2qMkVsZTzNxtoduoHp6gwJ8CiknWCx6w="}},"bxdXZWepnHohiGHDxIDcZL9yC6u0wf+YOCF2aNhDPEc=":{"valueMac":{"type":"Buffer","data":"RRFtsAT9sg4RUn26D86Ap9/2Ikf//Itga+uRWcka5/s="}},"kNSXDQBecr05J/xK36WkhSicsY0Yg4d9yMhrQgUsH9U=":{"valueMac":{"type":"Buffer","data":"gOvk2SFwlw8oAJD3FhnEw5zg9RSQaLseNZH02502js8="}},"sCnBX+aMM2OEEi7o4mDn0Qj3mWFXfGqEoqGuKud/OW4=":{"valueMac":{"type":"Buffer","data":"Yn2Xx23UDq1zvCDBgNnyHPoNHeWR5pJyv0pSF9pWmpE="}},"zFWv07wiUJt3ploUKcRgjV/KiTSRzovbvlA1Sq4tGi8=":{"valueMac":{"type":"Buffer","data":"DQEjyvhUq14F2mG6GYsuJruvbBGzns8NekzKuyFYPlk="}},"shKA8jMMwJl4JVg/Pn2QAJHbEpfP5Banbp/uO88XpaY=":{"valueMac":{"type":"Buffer","data":"6bD7NMwS08h0XbdlgtnXm9oOoio5zC0qWXFoMQ5wF1E="}}}}