{"_sessions":{"BcVM7xPwSIYZsCjNzR7F1qsuNoR2TuPVmHQBYBebxREA":{"registrationId":26544854,"currentRatchet":{"ephemeralKeyPair":{"pubKey":"Bc4M17YNQBrNVMIjEeM5CYoTHksMN5/enaN0ZQZZqFMl","privKey":"eMCtudi54dbO5k4L4mla/glbU0Fo9CajO0gvnEjHvmo="},"lastRemoteEphemeralKey":"BQKwVLQQZnvpILrvY4i7sZgkUHx4efmoxIidYYFen2w7","previousCounter":0,"rootKey":"87tDjL1WRoVO+nIR2MN5IFdgHnM6FuqvC68+KpG+0mc="},"indexInfo":{"baseKey":"BcVM7xPwSIYZsCjNzR7F1qsuNoR2TuPVmHQBYBebxREA","baseKeyType":2,"closed":-1,"used":1734839527855,"created":1734839527855,"remoteIdentityKey":"BTm/z2nsN9LQxlEFLKarfLVTEkRK62PhN5sjwmuI4BQP"},"_chains":{"BQKwVLQQZnvpILrvY4i7sZgkUHx4efmoxIidYYFen2w7":{"chainKey":{"counter":0,"key":"JTEG7OJqCq0jXPmYes+ZT6Kp1IvzJc8F5uiDHq+IDus="},"chainType":2,"messageKeys":{}},"Bc4M17YNQBrNVMIjEeM5CYoTHksMN5/enaN0ZQZZqFMl":{"chainKey":{"counter":2,"key":"KFKyzK0hUmyOTZvTCbIM7QjvUyvogqngVwgveO74ges="},"chainType":1,"messageKeys":{}}}}},"version":"v1"}