{"_sessions":{"BcKhXKYLSVtG+4eN+SnY7f47EDfAdlvL96isjvVV1z8V":{"registrationId":633707534,"currentRatchet":{"ephemeralKeyPair":{"pubKey":"Bbw+EvbN1XzFsd+3kfsZM0PDcqLGnzXY488IxOqpm8JO","privKey":"EIgNloqVDrNSDCzI8qntIzMnUU2ix9hN8yllui0PDUw="},"lastRemoteEphemeralKey":"BYl/+gLUMJiFwJaSlkxK/E8XHUq/2dpRjhk/vE3EF21J","previousCounter":0,"rootKey":"jpIOi7ZDBy+d0LsOfoLTy0SJSV8d/e/wUEMwQKZ5iuk="},"indexInfo":{"baseKey":"BcKhXKYLSVtG+4eN+SnY7f47EDfAdlvL96isjvVV1z8V","baseKeyType":2,"closed":-1,"used":1734836203355,"created":1734836203355,"remoteIdentityKey":"BcAt5VNCUAgP/m8yB43TsuVK7S3iD699P9QNqczZl9Qr"},"_chains":{"BYl/+gLUMJiFwJaSlkxK/E8XHUq/2dpRjhk/vE3EF21J":{"chainKey":{"counter":8,"key":"itFcz6fKEa6L5CeZR4OB+BXGbxPNUMxESjn1l/QfxCo="},"chainType":2,"messageKeys":{}},"Bbw+EvbN1XzFsd+3kfsZM0PDcqLGnzXY488IxOqpm8JO":{"chainKey":{"counter":22,"key":"K7sIo/oo8uo5Gv410/j7wZIcb+xOGfOPh7kGztnE/Bc="},"chainType":1,"messageKeys":{}}}}},"version":"v1"}