{"_sessions":{"BTFMUTAlOaZBvRol7vTnOPGCvYhOcnaIlA4B2xEo3JtH":{"registrationId":1662139445,"currentRatchet":{"ephemeralKeyPair":{"pubKey":"BdF71/f8jC0HYlJUTL1jPDPOldZX5wfCnggt+pG0jo0C","privKey":"+JNoTWWdkRooBEvebSVY27xk8D+CMwlCvdN7Ea14Img="},"lastRemoteEphemeralKey":"BYXhZI/JN+LKAkcsxGqcMdsGxgpbHdJy/63EAr+cx/we","previousCounter":0,"rootKey":"RsCgQmvTkqUViorcFEWcPHn6fB8IpaQEpiZPvBgjQ2M="},"indexInfo":{"baseKey":"BTFMUTAlOaZBvRol7vTnOPGCvYhOcnaIlA4B2xEo3JtH","baseKeyType":1,"closed":-1,"used":1734838195162,"created":1734838195162,"remoteIdentityKey":"BdpE2LrmLglkSiZUM7BbZZEWbOEfBVU9Z9VXaDMGqKMn"},"_chains":{"BdF71/f8jC0HYlJUTL1jPDPOldZX5wfCnggt+pG0jo0C":{"chainKey":{"counter":19,"key":"FKhPuLxIEsFM//Ea4DQIpcwvVjv7IqEYBydy5sT1n5Y="},"chainType":1,"messageKeys":{}}},"pendingPreKey":{"signedKeyId":15308360,"baseKey":"BTFMUTAlOaZBvRol7vTnOPGCvYhOcnaIlA4B2xEo3JtH","preKeyId":1769}}},"version":"v1"}