{"_sessions":{"BSyOKf+VZ6D5/s4q9wk+BZmq8Br/Mvr4jyTPS1+ul7kl":{"registrationId":545221664,"currentRatchet":{"ephemeralKeyPair":{"pubKey":"BX1iW0Ydf/bl4Q79BtenMdwOKadVtRzB9KeQXxou/d91","privKey":"8F36y2vNE5iH8m046vtyWshMLL+7NxqrvikaQ8he2VY="},"lastRemoteEphemeralKey":"BS8WuDSbCJrHdu3iDJv3wq6PhGIMUsE3DoU1sFCcUWdW","previousCounter":2,"rootKey":"k7OXauPVuOPW7sfi95D3p5+rME8RvlhpIfx0VGRc3EE="},"indexInfo":{"baseKey":"BSyOKf+VZ6D5/s4q9wk+BZmq8Br/Mvr4jyTPS1+ul7kl","baseKeyType":2,"closed":-1,"used":1734841909951,"created":1734838193435,"remoteIdentityKey":"BRShv7jTWIhFh8bga6M7hiO1JKOm3YlpalQHMsGmT3Vi"},"_chains":{"BV1Dd4yzzVlnX/3hkCNdFZHRwKTEH7CMue88+o+t/H8B":{"chainKey":{"counter":0},"chainType":2,"messageKeys":{}},"BbdEprlk38UNIeWdboPP+44jao3/yoeWDbq7iHXKfL0j":{"chainKey":{"counter":0},"chainType":2,"messageKeys":{}},"BXX5qkdejfXPazP3KUaXoZrV4eF6s66CUDuIEq/UK6po":{"chainKey":{"counter":0},"chainType":2,"messageKeys":{}},"BYQFJ1OhO+l68e2xjHYTlwaMDNId2xIpgq5Y9TYYwfpA":{"chainKey":{"counter":0},"chainType":2,"messageKeys":{}},"Ba+q2LI4bbBtw5MeBygC69weZJfqKwJa0tY+6YDxFV43":{"chainKey":{"counter":0},"chainType":2,"messageKeys":{}},"BT+cls3f46+5ulwBtGHvu1cy2DUacwSMuRUBM0JOQatH":{"chainKey":{"counter":0},"chainType":2,"messageKeys":{}},"BaEQg/c4qQIpSfGPQbrV0FZEYE30FkznCQ+aiEycoDNQ":{"chainKey":{"counter":0},"chainType":2,"messageKeys":{}},"BS8WuDSbCJrHdu3iDJv3wq6PhGIMUsE3DoU1sFCcUWdW":{"chainKey":{"counter":0,"key":"1SfHYwRBOV2XWx5/P+MF4aqKOljoWDWyf0KlimPTeLo="},"chainType":2,"messageKeys":{}},"BX1iW0Ydf/bl4Q79BtenMdwOKadVtRzB9KeQXxou/d91":{"chainKey":{"counter":10,"key":"JRb6GV06/sij4HrnHMbHKYNthNptrlzjcsXrryw2BEQ="},"chainType":1,"messageKeys":{}}}}},"version":"v1"}