{"_sessions":{"BXk6vWdJpSn+72YE6MvseRgCGOBNi0Jpb084gppBr8wi":{"registrationId":43,"currentRatchet":{"ephemeralKeyPair":{"pubKey":"BZvxtjaROQUZ2RsRboiDe+aUkse+wAxYkq/zIExKk29d","privKey":"eDFftAQYEbjDqRtb3AKh1mFzoS7QTghxsByFJExl7Hs="},"lastRemoteEphemeralKey":"BRZtxi/wJHSBELM53nAVWxyMSBSwrBmScT7fYAhcakwz","previousCounter":0,"rootKey":"V/drItUxjRvA72l922fnYFZuNI4OqfrSe6G7Mp8O8jg="},"indexInfo":{"baseKey":"BXk6vWdJpSn+72YE6MvseRgCGOBNi0Jpb084gppBr8wi","baseKeyType":1,"closed":-1,"used":1734838195159,"created":1734838195159,"remoteIdentityKey":"Bf1hgB2QYme+ADKWvBJmBPVi6K3AFXDfqbmPC+pl5sBe"},"_chains":{"BZvxtjaROQUZ2RsRboiDe+aUkse+wAxYkq/zIExKk29d":{"chainKey":{"counter":22,"key":"ow728imK9D4tvEcuCZuxbTTLxq8Xikzdr66K7V+dUco="},"chainType":1,"messageKeys":{}}},"pendingPreKey":{"signedKeyId":1,"baseKey":"BXk6vWdJpSn+72YE6MvseRgCGOBNi0Jpb084gppBr8wi","preKeyId":11}}},"version":"v1"}